{"cameraMode":{"drawMode":0,"name":"Shaded","section":"Shading Mode"},"sceneLighting":true,"audioPlay":false,"sceneViewState":{"m_AlwaysRefresh":false,"showFog":true,"showSkybox":true,"showFlares":true,"showImageEffects":true,"showParticleSystems":true,"showVisualEffectGraphs":true,"m_FxEnabled":true},"in2DMode":false,"pivot":{"x":6.051232814788818,"y":2.481001377105713,"z":8.980457305908204},"rotation":{"x":0.08973720669746399,"y":-0.0561329610645771,"z":0.005066906102001667,"w":0.9943901896476746},"size":2.5131242275238039,"orthographic":false}