{"cameraMode":{"drawMode":0,"name":"Shaded","section":"Shading Mode"},"sceneLighting":true,"audioPlay":false,"sceneViewState":{"m_AlwaysRefresh":false,"showFog":true,"showSkybox":true,"showFlares":true,"showImageEffects":true,"showParticleSystems":true,"showVisualEffectGraphs":true,"m_FxEnabled":true},"in2DMode":false,"pivot":{"x":27.259382247924806,"y":9.594629287719727,"z":12.547346115112305},"rotation":{"x":0.13727447390556336,"y":-0.8458865284919739,"z":0.2639281749725342,"w":0.44463276863098147},"size":0.8660253882408142,"orthographic":false}