{"cameraMode":{"drawMode":0,"name":"Shaded","section":"Shading Mode"},"sceneLighting":true,"audioPlay":false,"sceneViewState":{"m_AlwaysRefresh":false,"showFog":true,"showSkybox":true,"showFlares":true,"showImageEffects":true,"showParticleSystems":true,"showVisualEffectGraphs":true,"m_FxEnabled":true},"in2DMode":false,"pivot":{"x":-0.05990123748779297,"y":1.0985260009765626,"z":-10.258739471435547},"rotation":{"x":-0.15056632459163667,"y":0.6906996965408325,"z":-0.15047837793827058,"w":-0.6911172866821289},"size":8.295106887817383,"orthographic":false}