{"cameraMode":{"drawMode":0,"name":"Shaded","section":"Shading Mode"},"sceneLighting":true,"audioPlay":false,"sceneViewState":{"m_AlwaysRefresh":false,"showFog":true,"showSkybox":true,"showFlares":true,"showImageEffects":true,"showParticleSystems":true,"showVisualEffectGraphs":true,"m_FxEnabled":true},"in2DMode":false,"pivot":{"x":-1.4661297798156739,"y":0.464458703994751,"z":-1.7803678512573243},"rotation":{"x":-0.17974667251110078,"y":0.16353699564933778,"z":-0.030319172888994218,"w":-0.9695618748664856},"size":4.496842384338379,"orthographic":false}